index	cell_id	sample_id.x	file_short_name	total_mass	internal_scale	external_scale	well	index_set	well_and_set	index_1	index_1_seq	index_2	index_2_seq	index_pair	index_seq_pair	project	sequencing_id	source_plate	region	sample_id.y	age	sort_date	preamp_cycles	RT_date	RT_conc	prep_date	enrichment_cycles	Cell_Type_guess	Fluorogold	Size_Factor	Total_mRNAs	num_genes_expressed	Cluster	peaks	halo	delta	rho	nearest_higher_density_neighbor	CellType
OT01_P1_A03	OT01_P1_A03	OT01_P1_A03_0	HGCWGBCX2_1_GCGTAGTA~CTCTCTAT	1213080	1	1	A03	B	A03_B	S502	CTCTCTAT	N719	GCGTAGTA	"S502,N719"	"CTCTCTAT, GCGTAGTA"	DolenOT	NA	 Plate 2 05/17/18	PVN	M3	P25	 05/17/18	22	8/10/18	NA	8/16/18	12	Parvo	FG_negative	1.276097451	34120	4232	1	FALSE	FALSE	0.000489546	2.257800504	NA	Parvocellular
OT01_P1_A07	OT01_P1_A07	OT01_P1_A07_0	HGCWGBCX2_1_TAGCGCTC~CTCTCTAT	644520	1	1	A07	B	A07_B	S502	CTCTCTAT	N723	TAGCGCTC	"S502,N723"	"CTCTCTAT, TAGCGCTC"	DolenOT	NA	 Plate 2 05/17/18	PVN	M3	P25	 05/17/18	22	8/10/18	NA	8/16/18	12	Parvo	FG_negative	1.302909865	34780	4877	1	FALSE	FALSE	0.000320595	3.305020787	NA	Parvocellular
OT01_P1_A08	OT01_P1_A08	OT01_P1_A08_0	HGCWGBCX2_1_ACTGAGCG~CTCTCTAT	1820790	1	1	A08	B	A08_B	S502	CTCTCTAT	N724	ACTGAGCG	"S502,N724"	"CTCTCTAT, ACTGAGCG"	DolenOT	NA	 Plate 2 05/17/18	PVN	M3	P25	 05/17/18	22	8/10/18	NA	8/16/18	12	Parvo	FG_negative	1.300798057	34696	4649	1	FALSE	FALSE	0.000267466	2.140986029	NA	Parvocellular
OT01_P1_A10	OT01_P1_A10	OT01_P1_A10_0	HGCWGBCX2_1_CGATCAGT~CTCTCTAT	584138	1	1	A10	B	A10_B	S502	CTCTCTAT	N727	CGATCAGT	"S502,N727"	"CTCTCTAT, CGATCAGT"	DolenOT	NA	 Plate 2 05/17/18	PVN	M3	P25	 05/17/18	22	8/10/18	NA	8/16/18	12	Parvo	FG_negative	1.323877098	35420	4457	1	FALSE	FALSE	0.000468822	2.669971762	NA	Parvocellular
OT01_P1_A12	OT01_P1_A12	OT01_P1_A12_0	HGCWGBCX2_1_TCGACGTC~CTCTCTAT	1951660	1	1	A12	B	A12_B	S502	CTCTCTAT	N729	TCGACGTC	"S502,N729"	"CTCTCTAT, TCGACGTC"	DolenOT	NA	 Plate 2 05/17/18	PVN	M3	P25	 05/17/18	22	8/10/18	NA	8/16/18	12	Parvo	FG_negative	1.378293854	36780	4816	1	FALSE	FALSE	0.000795791	3.91537294	NA	Parvocellular
OT01_P1_B01	OT01_P1_B01	OT01_P1_B01_0	HGCWGBCX2_1_ACTCGCTA~TATCCTCT	132548	1	1	B01	B	B01_B	S503	TATCCTCT	N716	ACTCGCTA	"S503,N716"	"TATCCTCT, ACTCGCTA"	DolenOT	NA	 Plate 2 05/17/18	PVN	M3	P25	 05/17/18	22	8/10/18	NA	8/16/18	12	Parvo	FG_negative	1.079699344	28816	4082	2	FALSE	FALSE	0.002182017	0.03971937	NA	Magnocellular
OT01_P1_B02	OT01_P1_B02	OT01_P1_B02_0	HGCWGBCX2_1_GGAGCTAC~TATCCTCT	316977	1	1	B02	B	B02_B	S503	TATCCTCT	N718	GGAGCTAC	"S503,N718"	"TATCCTCT, GGAGCTAC"	DolenOT	NA	 Plate 2 05/17/18	PVN	M3	P25	 05/17/18	22	8/10/18	NA	8/16/18	12	Parvo	FG_negative	1.121068147	29920	4257	2	FALSE	FALSE	0.001676395	0.236610104	NA	Magnocellular
OT01_P1_B04	OT01_P1_B04	OT01_P1_B04_0	HGCWGBCX2_1_CGGAGCCT~TATCCTCT	240873	1	1	B04	B	B04_B	S503	TATCCTCT	N720	CGGAGCCT	"S503,N720"	"TATCCTCT, CGGAGCCT"	DolenOT	NA	 Plate 2 05/17/18	PVN	M3	P25	 05/17/18	22	8/10/18	NA	8/16/18	12	Parvo	FG_negative	0.723482656	19280	3144	2	FALSE	FALSE	0.002382654	1.679137454	NA	Magnocellular
OT01_P1_B05	OT01_P1_B05	OT01_P1_B05_0	HGCWGBCX2_1_TACGCTGC~TATCCTCT	170560	1	1	B05	B	B05_B	S503	TATCCTCT	N721	TACGCTGC	"S503,N721"	"TATCCTCT, TACGCTGC"	DolenOT	NA	 Plate 2 05/17/18	PVN	M3	P25	 05/17/18	22	8/10/18	NA	8/16/18	12	Parvo	FG_negative	0.976447037	26104	3821	1	FALSE	FALSE	0.000783621	2.567111306	NA	Parvocellular
OT01_P1_B06	OT01_P1_B06	OT01_P1_B06_0	HGCWGBCX2_1_ATGCGCAG~TATCCTCT	1008700	1	1	B06	B	B06_B	S503	TATCCTCT	N722	ATGCGCAG	"S503,N722"	"TATCCTCT, ATGCGCAG"	DolenOT	NA	 Plate 2 05/17/18	PVN	M3	P25	 05/17/18	22	8/10/18	NA	8/16/18	12	Parvo	FG_negative	1.130194172	30144	4372	1	FALSE	FALSE	0.001016544	2.788967785	NA	Parvocellular
OT01_P1_B07	OT01_P1_B07	OT01_P1_B07_0	HGCWGBCX2_1_TAGCGCTC~TATCCTCT	908302	1	1	B07	B	B07_B	S503	TATCCTCT	N723	TAGCGCTC	"S503,N723"	"TATCCTCT, TAGCGCTC"	DolenOT	NA	 Plate 2 05/17/18	PVN	M3	P25	 05/17/18	22	8/10/18	NA	8/16/18	12	Parvo	FG_negative	1.151576224	30752	4324	1	FALSE	FALSE	0.000564587	3.748650654	NA	Parvocellular
OT01_P1_B12	OT01_P1_B12	OT01_P1_B12_0	HGCWGBCX2_1_TCGACGTC~TATCCTCT	2120980	1	1	B12	B	B12_B	S503	TATCCTCT	N729	TCGACGTC	"S503,N729"	"TATCCTCT, TCGACGTC"	DolenOT	NA	 Plate 2 05/17/18	PVN	M3	P25	 05/17/18	22	8/10/18	NA	8/16/18	12	Parvo	FG_negative	1.029883312	27444	3850	1	FALSE	FALSE	0.000368379	3.735557841	NA	Parvocellular
OT01_P1_C02	OT01_P1_C02	OT01_P1_C02_0	HGCWGBCX2_1_GGAGCTAC~GTAAGGAG	464578	1	1	C02	B	C02_B	S505	GTAAGGAG	N718	GGAGCTAC	"S505,N718"	"GTAAGGAG, GGAGCTAC"	DolenOT	NA	 Plate 2 05/17/18	PVN	M3	P25	 05/17/18	22	8/10/18	NA	8/16/18	12	Parvo	FG_negative	1.337038184	35740	4709	1	FALSE	FALSE	0.000673958	2.679390283	NA	Parvocellular
OT01_P1_C03	OT01_P1_C03	OT01_P1_C03_0	HGCWGBCX2_1_GCGTAGTA~GTAAGGAG	203847	1	1	C03	B	C03_B	S505	GTAAGGAG	N719	GCGTAGTA	"S505,N719"	"GTAAGGAG, GCGTAGTA"	DolenOT	NA	 Plate 2 05/17/18	PVN	M3	P25	 05/17/18	22	8/10/18	NA	8/16/18	12	Parvo	FG_negative	1.013554514	27072	3786	2	FALSE	FALSE	0.000962307	1.029198725	NA	Magnocellular
OT01_P1_C05	OT01_P1_C05	OT01_P1_C05_0	HGCWGBCX2_1_TACGCTGC~GTAAGGAG	640817	1	1	C05	B	C05_B	S505	GTAAGGAG	N721	TACGCTGC	"S505,N721"	"GTAAGGAG, TACGCTGC"	DolenOT	NA	 Plate 2 05/17/18	PVN	M3	P25	 05/17/18	22	8/10/18	NA	8/16/18	12	Parvo	FG_negative	1.387759277	37104	4826	1	FALSE	FALSE	0.000316764	3.5611092	NA	Parvocellular
OT01_P1_C08	OT01_P1_C08	OT01_P1_C08_0	HGCWGBCX2_1_ACTGAGCG~GTAAGGAG	943673	1	1	C08	B	C08_B	S505	GTAAGGAG	N724	ACTGAGCG	"S505,N724"	"GTAAGGAG, ACTGAGCG"	DolenOT	NA	 Plate 2 05/17/18	PVN	M3	P25	 05/17/18	22	8/10/18	NA	8/16/18	12	Parvo	FG_negative	1.184874905	31604	4374	1	FALSE	FALSE	0.001071111	4.030073307	NA	Parvocellular
OT01_P1_C09	OT01_P1_C09	OT01_P1_C09_0	HGCWGBCX2_1_CCTAAGAC~GTAAGGAG	2779140	1	1	C09	B	C09_B	S505	GTAAGGAG	N726	CCTAAGAC	"S505,N726"	"GTAAGGAG, CCTAAGAC"	DolenOT	NA	 Plate 2 05/17/18	PVN	M3	P25	 05/17/18	22	8/10/18	NA	8/16/18	12	Parvo	FG_negative	1.339112281	35720	4869	1	FALSE	FALSE	0.000793824	2.50978222	NA	Parvocellular
OT01_P1_D02	OT01_P1_D02	OT01_P1_D02_0	HGCWGBCX2_1_GGAGCTAC~ACTGCATA	643788	1	1	D02	B	D02_B	S506	ACTGCATA	N718	GGAGCTAC	"S506,N718"	"ACTGCATA, GGAGCTAC"	DolenOT	NA	 Plate 2 05/17/18	PVN	M3	P25	 05/17/18	22	8/10/18	NA	8/16/18	12	Magno	FG_positive	1.085883924	29008	3577	2	FALSE	FALSE	0.001143544	1.960438356	NA	Magnocellular
OT01_P1_D03	OT01_P1_D03	OT01_P1_D03_0	HGCWGBCX2_1_GCGTAGTA~ACTGCATA	1135710	1	1	D03	B	D03_B	S506	ACTGCATA	N719	GCGTAGTA	"S506,N719"	"ACTGCATA, GCGTAGTA"	DolenOT	NA	 Plate 2 05/17/18	PVN	M3	P25	 05/17/18	22	8/10/18	NA	8/16/18	12	Magno	FG_positive	1.400580966	37468	4472	2	FALSE	FALSE	0.000724787	1.186924869	NA	Magnocellular
OT01_P1_D04	OT01_P1_D04	OT01_P1_D04_0	HGCWGBCX2_1_CGGAGCCT~ACTGCATA	536875	1	1	D04	B	D04_B	S506	ACTGCATA	N720	CGGAGCCT	"S506,N720"	"ACTGCATA, CGGAGCCT"	DolenOT	NA	 Plate 2 05/17/18	PVN	M3	P25	 05/17/18	22	8/10/18	NA	8/16/18	12	Magno	FG_positive	1.022793672	27252	3669	2	FALSE	FALSE	0.000915038	2.008655701	NA	Magnocellular
OT01_P1_D05	OT01_P1_D05	OT01_P1_D05_0	HGCWGBCX2_1_TACGCTGC~ACTGCATA	397710	1	1	D05	B	D05_B	S506	ACTGCATA	N721	TACGCTGC	"S506,N721"	"ACTGCATA, TACGCTGC"	DolenOT	NA	 Plate 2 05/17/18	PVN	M3	P25	 05/17/18	22	8/10/18	NA	8/16/18	12	Magno	FG_positive	1.024830058	27424	3257	2	FALSE	FALSE	0.001695141	2.241108016	NA	Magnocellular
OT01_P1_D06	OT01_P1_D06	OT01_P1_D06_0	HGCWGBCX2_1_ATGCGCAG~ACTGCATA	620305	1	1	D06	B	D06_B	S506	ACTGCATA	N722	ATGCGCAG	"S506,N722"	"ACTGCATA, ATGCGCAG"	DolenOT	NA	 Plate 2 05/17/18	PVN	M3	P25	 05/17/18	22	8/10/18	NA	8/16/18	12	Magno	FG_positive	1.079661633	28836	3757	2	FALSE	FALSE	0.003536506	3.032095172	NA	Magnocellular
OT01_P1_D08	OT01_P1_D08	OT01_P1_D08_0	HGCWGBCX2_1_ACTGAGCG~ACTGCATA	1025100	1	1	D08	B	D08_B	S506	ACTGCATA	N724	ACTGAGCG	"S506,N724"	"ACTGCATA, ACTGAGCG"	DolenOT	NA	 Plate 2 05/17/18	PVN	M3	P25	 05/17/18	22	8/10/18	NA	8/16/18	12	Magno	FG_positive	1.033164156	27556	3812	2	FALSE	FALSE	0.000203838	2.840026993	NA	Magnocellular
OT01_P1_D09	OT01_P1_D09	OT01_P1_D09_0	HGCWGBCX2_1_CCTAAGAC~ACTGCATA	660597	1	1	D09	B	D09_B	S506	ACTGCATA	N726	CCTAAGAC	"S506,N726"	"ACTGCATA, CCTAAGAC"	DolenOT	NA	 Plate 2 05/17/18	PVN	M3	P25	 05/17/18	22	8/10/18	NA	8/16/18	12	Magno	FG_positive	1.034974276	27580	3888	2	FALSE	FALSE	0.001579759	1.584646524	NA	Magnocellular
OT01_P1_D10	OT01_P1_D10	OT01_P1_D10_0	HGCWGBCX2_1_CGATCAGT~ACTGCATA	1456660	1	1	D10	B	D10_B	S506	ACTGCATA	N727	CGATCAGT	"S506,N727"	"ACTGCATA, CGATCAGT"	DolenOT	NA	 Plate 2 05/17/18	PVN	M3	P25	 05/17/18	22	8/10/18	NA	8/16/18	12	Magno	FG_positive	1.060315967	28296	3800	2	FALSE	FALSE	0.001009761	1.89779711	NA	Magnocellular
OT01_P1_D11	OT01_P1_D11	OT01_P1_D11_0	HGCWGBCX2_1_TGCAGCTA~ACTGCATA	1669820	1	1	D11	B	D11_B	S506	ACTGCATA	N728	TGCAGCTA	"S506,N728"	"ACTGCATA, TGCAGCTA"	DolenOT	NA	 Plate 2 05/17/18	PVN	M3	P25	 05/17/18	22	8/10/18	NA	8/16/18	12	Magno	FG_positive	1.211046235	32268	4576	2	FALSE	FALSE	0.001202964	2.032456501	NA	Magnocellular
OT01_P1_D12	OT01_P1_D12	OT01_P1_D12_0	HGCWGBCX2_1_TCGACGTC~ACTGCATA	1561610	1	1	D12	B	D12_B	S506	ACTGCATA	N729	TCGACGTC	"S506,N729"	"ACTGCATA, TCGACGTC"	DolenOT	NA	 Plate 2 05/17/18	PVN	M3	P25	 05/17/18	22	8/10/18	NA	8/16/18	12	Magno	FG_positive	1.247550337	33252	4188	2	FALSE	FALSE	0.000910629	0.898765718	NA	Magnocellular
OT01_P1_E01	OT01_P1_E01	OT01_P1_E01_0	HGCWGBCX2_1_ACTCGCTA~AAGGAGTA	2032580	1	1	E01	B	E01_B	S507	AAGGAGTA	N716	ACTCGCTA	"S507,N716"	"AAGGAGTA, ACTCGCTA"	DolenOT	NA	 Plate 2 05/17/18	PVN	M3	P25	 05/17/18	22	8/10/18	NA	8/16/18	12	Magno	FG_positive	1.261993593	33676	4433	2	FALSE	FALSE	0.000830606	1.732878602	NA	Magnocellular
OT01_P1_E02	OT01_P1_E02	OT01_P1_E02_0	HGCWGBCX2_1_GGAGCTAC~AAGGAGTA	559685	1	1	E02	B	E02_B	S507	AAGGAGTA	N718	GGAGCTAC	"S507,N718"	"AAGGAGTA,GGAGCTAC"	DolenOT	NA	 Plate 2 05/17/18	PVN	M3	P25	 05/17/18	22	8/10/18	NA	8/16/18	12	Magno	FG_positive	0.798866645	21348	2645	2	FALSE	FALSE	0.001452452	0.800739272	NA	Magnocellular
OT01_P1_E03	OT01_P1_E03	OT01_P1_E03_0	HGCWGBCX2_1_GCGTAGTA~AAGGAGTA	284315	1	1	E03	B	E03_B	S507	AAGGAGTA	N719	GCGTAGTA	"S507,N719"	"AAGGAGTA, GCGTAGTA"	DolenOT	NA	 Plate 2 05/17/18	PVN	M3	P25	 05/17/18	22	8/10/18	NA	8/16/18	12	Magno	FG_positive	1.012724875	26972	4054	2	FALSE	FALSE	0.00388473	2.54269585	NA	Magnocellular
OT01_P1_E05	OT01_P1_E05	OT01_P1_E05_0	HGCWGBCX2_1_TACGCTGC~AAGGAGTA	679070	1	1	E05	B	E05_B	S507	AAGGAGTA	N721	TACGCTGC	"S507,N721"	"AAGGAGTA, TACGCTGC"	DolenOT	NA	 Plate 2 05/17/18	PVN	M3	P25	 05/17/18	22	8/10/18	NA	8/16/18	12	Magno	FG_positive	1.195019123	31884	4190	2	FALSE	FALSE	0.013898869	2.8263266	NA	Magnocellular
OT01_P1_E06	OT01_P1_E06	OT01_P1_E06_0	HGCWGBCX2_1_ATGCGCAG~AAGGAGTA	1695340	1	1	E06	B	E06_B	S507	AAGGAGTA	N722	ATGCGCAG	"S507,N722"	"AAGGAGTA,ATGCGCAG"	DolenOT	NA	 Plate 2 05/17/18	PVN	M3	P25	 05/17/18	22	8/10/18	NA	8/16/18	12	Magno	FG_positive	1.228204671	32776	4385	2	FALSE	FALSE	0.000835769	2.472717045	NA	Magnocellular
OT01_P1_E07	OT01_P1_E07	OT01_P1_E07_0	HGCWGBCX2_1_TAGCGCTC~AAGGAGTA	1030640	1	1	E07	B	E07_B	S507	AAGGAGTA	N723	TAGCGCTC	"S507,N723"	"AAGGAGTA, TAGCGCTC"	DolenOT	NA	 Plate 2 05/17/18	PVN	M3	P25	 05/17/18	22	8/10/18	NA	8/16/18	12	Magno	FG_positive	1.081622598	28824	3978	2	FALSE	FALSE	0.001094901	1.879449497	NA	Magnocellular
OT01_P1_F02	OT01_P1_F02	OT01_P1_F02_0	HGCWGBCX2_1_GGAGCTAC~CTAAGCCT	1256270	1	1	F02	B	F02_B	S508	CTAAGCCT	N718	GGAGCTAC	"S508,N718"	"CTAAGCCT, GGAGCTAC"	DolenOT	NA	 Plate 2 05/17/18	PVN	M3	P25	 05/17/18	22	8/10/18	NA	8/16/18	12	Magno	FG_positive	1.005371259	26852	3281	2	FALSE	FALSE	0.000719589	1.302042468	NA	Magnocellular
OT01_P1_F03	OT01_P1_F03	OT01_P1_F03_0	HGCWGBCX2_1_GCGTAGTA~CTAAGCCT	564710	1	1	F03	B	F03_B	S508	CTAAGCCT	N719	GCGTAGTA	"S508,N719"	"CTAAGCCT, GCGTAGTA"	DolenOT	NA	 Plate 2 05/17/18	PVN	M3	P25	 05/17/18	22	8/10/18	NA	8/16/18	12	Magno	FG_positive	1.239895035	33108	4289	2	FALSE	FALSE	0.000858852	0.863327492	NA	Magnocellular
OT01_P1_F05	OT01_P1_F05	OT01_P1_F05_0	HGCWGBCX2_1_TACGCTGC~CTAAGCCT	197284	1	1	F05	B	F05_B	S508	CTAAGCCT	N721	TACGCTGC	"S508,N721"	"CTAAGCCT, TACGCTGC"	DolenOT	NA	 Plate 2 05/17/18	PVN	M3	P25	 05/17/18	22	8/10/18	NA	8/16/18	12	Magno	FG_positive	1.21040515	32356	4344	2	FALSE	FALSE	0.001116532	1.033816122	NA	Magnocellular
OT01_P1_F06	OT01_P1_F06	OT01_P1_F06_0	HGCWGBCX2_1_ATGCGCAG~CTAAGCCT	574940	1	1	F06	B	F06_B	S508	CTAAGCCT	N722	ATGCGCAG	"S508,N722"	"CTAAGCCT, ATGCGCAG"	DolenOT	NA	 Plate 2 05/17/18	PVN	M3	P25	 05/17/18	22	8/10/18	NA	8/16/18	12	Magno	FG_positive	1.197696594	32012	4256	2	FALSE	FALSE	0.000739885	2.268479743	NA	Magnocellular
OT01_P1_F07	OT01_P1_F07	OT01_P1_F07_0	HGCWGBCX2_1_TAGCGCTC~CTAAGCCT	536765	1	1	F07	B	F07_B	S508	CTAAGCCT	N723	TAGCGCTC	"S508,N723"	"CTAAGCCT, TAGCGCTC"	DolenOT	NA	 Plate 2 05/17/18	PVN	M3	P25	 05/17/18	22	8/10/18	NA	8/16/18	12	Magno	FG_positive	1.042327892	27800	3915	2	FALSE	FALSE	0.001006411	1.964606626	NA	Magnocellular
OT01_P1_G02	OT01_P1_G02	OT01_P1_G02_0	HGCWGBCX2_1_GGAGCTAC~CGTCTAAT	2415950	1	1	G02	B	G02_B	S510	CGTCTAAT	N718	GGAGCTAC	"S510,N718"	"CGTCTAAT, GGAGCTAC"	DolenOT	NA	 Plate 2 05/17/18	PVN	M3	P25	 05/17/18	22	8/10/18	NA	8/16/18	12	Magno	FG_positive	1.211159367	32460	3181	2	FALSE	FALSE	0.001366979	0.45288195	NA	Magnocellular
OT01_P1_G03	OT01_P1_G03	OT01_P1_G03_0	HGCWGBCX2_1_GCGTAGTA~CGTCTAAT	2141400	1	1	G03	B	G03_B	S510	CGTCTAAT	N719	GCGTAGTA	"S510,N719"	"CGTCTAAT, GCGTAGTA"	DolenOT	NA	 Plate 2 05/17/18	PVN	M3	P25	 05/17/18	22	8/10/18	NA	8/16/18	12	Magno	FG_positive	1.0941426	29224	3819	2	FALSE	FALSE	0.000896692	1.700492703	NA	Magnocellular
OT01_P1_G04	OT01_P1_G04	OT01_P1_G04_0	HGCWGBCX2_1_CGGAGCCT~CGTCTAAT	1788410	1	1	G04	B	G04_B	S510	CGTCTAAT	N720	CGGAGCCT	"S510,N720"	"CGTCTAAT, CGGAGCCT"	DolenOT	NA	 Plate 2 05/17/18	PVN	M3	P25	 05/17/18	22	8/10/18	NA	8/16/18	12	Magno	FG_positive	1.220285393	32556	4736	2	FALSE	FALSE	0.001839541	2.218024349	NA	Magnocellular
OT01_P1_G05	OT01_P1_G05	OT01_P1_G05_0	HGCWGBCX2_1_TACGCTGC~CGTCTAAT	3767910	1	1	G05	B	G05_B	S510	CGTCTAAT	N721	TACGCTGC	"S510,N721"	"CGTCTAAT, TACGCTGC"	DolenOT	NA	 Plate 2 05/17/18	PVN	M3	P25	 05/17/18	22	8/10/18	NA	8/16/18	12	Magno	FG_positive	1.199808401	31984	4521	2	FALSE	FALSE	0.000839234	1.867952472	NA	Magnocellular
OT01_P1_G06	OT01_P1_G06	OT01_P1_G06_0	HGCWGBCX2_1_ATGCGCAG~CGTCTAAT	2320750	1	1	G06	B	G06_B	S510	CGTCTAAT	N722	ATGCGCAG	"S510,N722"	"CGTCTAAT, ATGCGCAG"	DolenOT	NA	 Plate 2 05/17/18	PVN	M3	P25	 05/17/18	22	8/10/18	NA	8/16/18	12	Magno	FG_positive	1.232956238	32868	4182	2	FALSE	FALSE	0.004698893	2.634777587	NA	Magnocellular
OT01_P1_G07	OT01_P1_G07	OT01_P1_G07_0	HGCWGBCX2_1_TAGCGCTC~CGTCTAAT	2353820	1	1	G07	B	G07_B	S510	CGTCTAAT	N723	TAGCGCTC	"S510,N723"	"CGTCTAAT, TAGCGCTC"	DolenOT	NA	 Plate 2 05/17/18	PVN	M3	P25	 05/17/18	22	8/10/18	NA	8/16/18	12	Magno	FG_positive	1.234389251	32956	4297	2	FALSE	FALSE	0.000235073	2.526572041	NA	Magnocellular
OT01_P1_G08	OT01_P1_G08	OT01_P1_G08_0	HGCWGBCX2_1_ACTGAGCG~CGTCTAAT	2400150	1	1	G08	B	G08_B	S510	CGTCTAAT	N724	ACTGAGCG	"S510,N724"	"CGTCTAAT, ACTGAGCG"	DolenOT	NA	 Plate 2 05/17/18	PVN	M3	P25	 05/17/18	22	8/10/18	NA	8/16/18	12	Magno	FG_positive	1.277605885	34060	4610	2	FALSE	FALSE	0.000813086	2.080961015	NA	Magnocellular
OT01_P1_G09	OT01_P1_G09	OT01_P1_G09_0	HGCWGBCX2_1_CCTAAGAC~CGTCTAAT	2851630	1	1	G09	B	G09_B	S510	CGTCTAAT	N726	CCTAAGAC	"S510,N726"	"CGTCTAAT, CCTAAGAC"	DolenOT	NA	 Plate 2 05/17/18	PVN	M3	P25	 05/17/18	22	8/10/18	NA	8/16/18	12	Magno	FG_positive	1.080566694	28812	4023	2	FALSE	FALSE	0.001879391	0.235895738	NA	Magnocellular
OT01_P1_G10	OT01_P1_G10	OT01_P1_G10_0	HGCWGBCX2_1_CGATCAGT~CGTCTAAT	1975580	1	1	G10	B	G10_B	S510	CGTCTAAT	N727	CGATCAGT	"S510,N727"	"CGTCTAAT, CGATCAGT"	DolenOT	NA	 Plate 2 05/17/18	PVN	M3	P25	 05/17/18	22	8/10/18	NA	8/16/18	12	Magno	FG_positive	1.278963475	34140	4159	2	FALSE	FALSE	0.001591049	0.426450449	NA	Magnocellular
OT01_P1_G11	OT01_P1_G11	OT01_P1_G11_0	HGCWGBCX2_1_TGCAGCTA~CGTCTAAT	2054220	1	1	G11	B	G11_B	S510	CGTCTAAT	N728	TGCAGCTA	"S510,N728"	"CGTCTAAT, TGCAGCTA"	DolenOT	NA	 Plate 2 05/17/18	PVN	M3	P25	 05/17/18	22	8/10/18	NA	8/16/18	12	Magno	FG_positive	1.05201958	28084	4131	2	FALSE	FALSE	0.001028349	1.973042498	NA	Magnocellular
OT01_P2_A04	OT01_P2_A04	OT01_P2_A04_0	HGCWGBCX2_1_TCCTGAGC~TCGACTAG	701408	1	1	A04	C	A04_C	S513	TCGACTAG	N704	TCCTGAGC	"S513,N704"	"TCGACTAG, TCCTGAGC"	DolenOT	NA	Plate 3 05/17/18	PVN	M4	P25	 05/17/18	22	8/11/18	NA	8/18/18	12	Parvo	FG_negative	0.702892532	18756	2882	2	FALSE	FALSE	0.001349218	0.864692877	NA	Magnocellular
OT01_P2_A05	OT01_P2_A05	OT01_P2_A05_0	HGCWGBCX2_1_GGACTCCT~TCGACTAG	629711	1	1	A05	C	A05_C	S513	TCGACTAG	N705	GGACTCCT	"S513,N705"	"TCGACTAG, GGACTCCT"	DolenOT	NA	Plate 3 05/17/18	PVN	M4	P25	 05/17/18	22	8/11/18	NA	8/18/18	12	Parvo	FG_negative	0.755763143	20160	2997	2	FALSE	FALSE	0.000208407	1.412013621	NA	Magnocellular
OT01_P2_A06	OT01_P2_A06	OT01_P2_A06_0	HGCWGBCX2_1_TAGGCATG~TCGACTAG	881205	1	1	A06	C	A06_C	S513	TCGACTAG	N706	TAGGCATG	"S513,N706"	"TCGACTAG, TAGGCATG"	DolenOT	NA	Plate 3 05/17/18	PVN	M4	P25	 05/17/18	22	8/11/18	NA	8/18/18	12	Parvo	FG_negative	0.937416308	25012	3576	2	FALSE	FALSE	0.001224163	1.722392218	NA	Magnocellular
OT01_P2_A07	OT01_P2_A07	OT01_P2_A07_0	HGCWGBCX2_1_CTCTCTAC~TCGACTAG	1250260	1	1	A07	C	A07_C	S513	TCGACTAG	N707	CTCTCTAC	"S513,N707"	"TCGACTAG,CTCTCTAC"	DolenOT	NA	Plate 3 05/17/18	PVN	M4	P25	 05/17/18	22	8/11/18	NA	8/18/18	12	Parvo	FG_negative	1.468460496	39200	5239	1	FALSE	FALSE	2.85E-05	3.734434946	NA	Parvocellular
OT01_P2_A11	OT01_P2_A11	OT01_P2_A11_0	HGCWGBCX2_1_GCTCATGA~TCGACTAG	801721	1	1	A11	C	A11_C	S513	TCGACTAG	N714	GCTCATGA	"S513,N714"	"TCGACTAG, GCTCATGA"	DolenOT	NA	Plate 3 05/17/18	PVN	M4	P25	 05/17/18	22	8/11/18	NA	8/18/18	12	Parvo	FG_negative	0.974863182	26028	3797	2	FALSE	FALSE	0.000527712	2.902703435	NA	Magnocellular
OT01_P2_B01	OT01_P2_B01	OT01_P2_B01_0	HGCWGBCX2_1_TAAGGCGA~TTCTAGCT	1058180	1	1	B01	C	B01_C	S515	TTCTAGCT	N701	TAAGGCGA	"S515,N701"	"TTCTAGCT, TAAGGCGA"	DolenOT	NA	Plate 3 05/17/18	PVN	M4	P25	 05/17/18	22	8/11/18	NA	8/18/18	12	Parvo	FG_negative	1.197922859	31960	4396	1	FALSE	FALSE	0.000308772	3.980428476	NA	Parvocellular
OT01_P2_B03	OT01_P2_B03	OT01_P2_B03_0	HGCWGBCX2_1_AGGCAGAA~TTCTAGCT	868675	1	1	B03	C	B03_C	S515	TTCTAGCT	N703	AGGCAGAA	"S515,N703"	"TTCTAGCT, AGGCAGAA"	DolenOT	NA	Plate 3 05/17/18	PVN	M4	P25	 05/17/18	22	8/11/18	NA	8/18/18	12	Parvo	FG_negative	1.020191623	27216	4083	2	FALSE	FALSE	0.000873976	1.576707619	NA	Magnocellular
OT01_P2_B04	OT01_P2_B04	OT01_P2_B04_0	HGCWGBCX2_1_TCCTGAGC~TTCTAGCT	270673	1	1	B04	C	B04_C	S515	TTCTAGCT	N704	TCCTGAGC	"S515,N704"	"TTCTAGCT, TCCTGAGC"	DolenOT	NA	Plate 3 05/17/18	PVN	M4	P25	 05/17/18	22	8/11/18	NA	8/18/18	12	Parvo	FG_negative	0.681020239	18100	3002	1	FALSE	FALSE	0.001154419	1.686083657	NA	Parvocellular
OT01_P2_B05	OT01_P2_B05	OT01_P2_B05_0	HGCWGBCX2_1_GGACTCCT~TTCTAGCT	1446760	1	1	B05	C	B05_C	S515	TTCTAGCT	N705	GGACTCCT	"S515,N705"	"TTCTAGCT, GGACTCCT"	DolenOT	NA	Plate 3 05/17/18	PVN	M4	P25	 05/17/18	22	8/11/18	NA	8/18/18	12	Parvo	FG_negative	1.450774108	38824	4748	1	FALSE	FALSE	0.001360237	3.758839882	NA	Parvocellular
OT01_P2_B06	OT01_P2_B06	OT01_P2_B06_0	HGCWGBCX2_1_TAGGCATG~TTCTAGCT	528756	1	1	B06	C	B06_C	S515	TTCTAGCT	N706	TAGGCATG	"S515,N706"	"TTCTAGCT, TAGGCATG"	DolenOT	NA	Plate 3 05/17/18	PVN	M4	P25	 05/17/18	22	8/11/18	NA	8/18/18	12	Parvo	FG_negative	1.142676464	30472	4535	1	FALSE	FALSE	0.000845465	3.966894358	NA	Parvocellular
OT01_P2_B07	OT01_P2_B07	OT01_P2_B07_0	HGCWGBCX2_1_CTCTCTAC~TTCTAGCT	1066880	1	1	B07	C	B07_C	S515	TTCTAGCT	N707	CTCTCTAC	"S515,N707"	"TTCTAGCT, CTCTCTAC"	DolenOT	NA	Plate 3 05/17/18	PVN	M4	P25	 05/17/18	22	8/11/18	NA	8/18/18	12	Parvo	FG_negative	0.647005052	17228	2771	2	FALSE	FALSE	0.000188825	2.181324209	NA	Magnocellular
OT01_P2_B08	OT01_P2_B08	OT01_P2_B08_0	HGCWGBCX2_1_CGAGGCTG~TTCTAGCT	864956	1	1	B08	C	B08_C	S515	TTCTAGCT	N710	CGAGGCTG	"S515,N710"	"TTCTAGCT, CGAGGCTG"	DolenOT	NA	Plate 3 05/17/18	PVN	M4	P25	 05/17/18	22	8/11/18	NA	8/18/18	12	Parvo	FG_negative	0.98587475	26280	4043	2	FALSE	FALSE	0.002557663	2.335605891	NA	Magnocellular
OT01_P2_C02	OT01_P2_C02	OT01_P2_C02_0	HGCWGBCX2_1_CGTACTAG~CCTAGAGT	936305	1	1	C02	C	C02_C	S516	CCTAGAGT	N702	CGTACTAG	"S516,N702"	"CCTAGAGT, CGTACTAG"	DolenOT	NA	Plate 3 05/17/18	PVN	M4	P25	 05/17/18	22	8/11/18	NA	8/18/18	12	Parvo	FG_negative	0.689882289	18464	2210	2	FALSE	FALSE	0.001230537	1.639283594	NA	Magnocellular
OT01_P2_C03	OT01_P2_C03	OT01_P2_C03_0	HGCWGBCX2_1_AGGCAGAA~CCTAGAGT	2635750	1	1	C03	C	C03_C	S516	CCTAGAGT	N703	AGGCAGAA	"S516,N703"	"CCTAGAGT, AGGCAGAA"	DolenOT	NA	Plate 3 05/17/18	PVN	M4	P25	 05/17/18	22	8/11/18	NA	8/18/18	12	Parvo	FG_negative	1.352952163	36080	4780	1	TRUE	FALSE	0.048361037	4.096121979	NA	Parvocellular
OT01_P2_C05	OT01_P2_C05	OT01_P2_C05_0	HGCWGBCX2_1_GGACTCCT~CCTAGAGT	546366	1	1	C05	C	C05_C	S516	CCTAGAGT	N705	GGACTCCT	"S516,N705"	"CCTAGAGT, GGACTCCT"	DolenOT	NA	Plate 3 05/17/18	PVN	M4	P25	 05/17/18	22	8/11/18	NA	8/18/18	12	Parvo	FG_negative	0.403920914	10768	1692	2	FALSE	FALSE	0.001283779	0.691965488	NA	Magnocellular
OT01_P2_C06	OT01_P2_C06	OT01_P2_C06_0	HGCWGBCX2_1_TAGGCATG~CCTAGAGT	1127360	1	1	C06	C	C06_C	S516	CCTAGAGT	N706	TAGGCATG	"S516,N706"	"CCTAGAGT, TAGGCATG"	DolenOT	NA	Plate 3 05/17/18	PVN	M4	P25	 05/17/18	22	8/11/18	NA	8/18/18	12	Parvo	FG_negative	0.938887031	25028	3987	2	FALSE	FALSE	0.00062688	1.671152143	NA	Magnocellular
OT01_P2_C07	OT01_P2_C07	OT01_P2_C07_0	HGCWGBCX2_1_CTCTCTAC~CCTAGAGT	427056	1	1	C07	C	C07_C	S516	CCTAGAGT	N707	CTCTCTAC	"S516,N707"	"CCTAGAGT, CTCTCTAC"	DolenOT	NA	Plate 3 05/17/18	PVN	M4	P25	 05/17/18	22	8/11/18	NA	8/18/18	12	Parvo	FG_negative	0.511660812	13672	1848	2	FALSE	FALSE	0.000722116	2.129727795	NA	Magnocellular
OT01_P2_D01	OT01_P2_D01	OT01_P2_D01_0	HGCWGBCX2_1_TAAGGCGA~GCGTAAGA	756884	1	1	D01	C	D01_C	S517	GCGTAAGA	N701	TAAGGCGA	"S517,N701"	"GCGTAAGA, TAAGGCGA"	DolenOT	NA	Plate 3 05/17/18	PVN	M4	P25	 05/17/18	22	8/11/18	NA	8/18/18	12	Magno	FG_positive	1.027696082	27448	3637	2	FALSE	FALSE	0.000614063	3.109190233	NA	Magnocellular
OT01_P2_D02	OT01_P2_D02	OT01_P2_D02_0	HGCWGBCX2_1_CGTACTAG~GCGTAAGA	507183	1	1	D02	C	D02_C	S517	GCGTAAGA	N702	CGTACTAG	"S517,N702"	"GCGTAAGA, CGTACTAG"	DolenOT	NA	Plate 3 05/17/18	PVN	M4	P25	 05/17/18	22	8/11/18	NA	8/18/18	12	Magno	FG_positive	1.19486828	31888	4631	2	FALSE	FALSE	0.000959537	2.362576942	NA	Magnocellular
OT01_P2_D03	OT01_P2_D03	OT01_P2_D03_0	HGCWGBCX2_1_AGGCAGAA~GCGTAAGA	168233	1	1	D03	C	D03_C	S517	GCGTAAGA	N703	AGGCAGAA	"S517,N703"	"GCGTAAGA, AGGCAGAA"	DolenOT	NA	Plate 3 05/17/18	PVN	M4	P25	 05/17/18	22	8/11/18	NA	8/18/18	12	Magno	FG_positive	0.999526077	26700	3783	2	FALSE	FALSE	0.000837015	1.789707638	NA	Magnocellular
OT01_P2_D04	OT01_P2_D04	OT01_P2_D04_0	HGCWGBCX2_1_TCCTGAGC~GCGTAAGA	1596120	1	1	D04	C	D04_C	S517	GCGTAAGA	N704	TCCTGAGC	"S517,N704"	"GCGTAAGA, TCCTGAGC"	DolenOT	NA	Plate 3 05/17/18	PVN	M4	P25	 05/17/18	22	8/11/18	NA	8/18/18	12	Magno	FG_positive	1.099723806	29352	4265	2	FALSE	FALSE	0.000716912	1.456839386	NA	Magnocellular
OT01_P2_D05	OT01_P2_D05	OT01_P2_D05_0	HGCWGBCX2_1_GGACTCCT~GCGTAAGA	730675	1	1	D05	C	D05_C	S517	GCGTAAGA	N705	GGACTCCT	"S517,N705"	"GCGTAAGA, GGACTCCT"	DolenOT	NA	Plate 3 05/17/18	PVN	M4	P25	 05/17/18	22	8/11/18	NA	8/18/18	12	Magno	FG_positive	1.136793571	30336	4019	2	FALSE	FALSE	0.000770276	2.313553441	NA	Magnocellular
OT01_P2_D06	OT01_P2_D06	OT01_P2_D06_0	HGCWGBCX2_1_TAGGCATG~GCGTAAGA	619669	1	1	D06	C	D06_C	S517	GCGTAAGA	N706	TAGGCATG	"S517,N706"	"GCGTAAGA, TAGGCATG"	DolenOT	NA	Plate 3 05/17/18	PVN	M4	P25	 05/17/18	22	8/11/18	NA	8/18/18	12	Magno	FG_positive	1.027205841	27384	3939	2	FALSE	FALSE	0.000828961	2.267632908	NA	Magnocellular
OT01_P2_D07	OT01_P2_D07	OT01_P2_D07_0	HGCWGBCX2_1_CTCTCTAC~GCGTAAGA	893143	1	1	D07	C	D07_C	S517	GCGTAAGA	N707	CTCTCTAC	"S517,N707"	"GCGTAAGA, CTCTCTAC"	DolenOT	NA	Plate 3 05/17/18	PVN	M4	P25	 05/17/18	22	8/11/18	NA	8/18/18	12	Magno	FG_positive	1.129967907	30164	4384	2	FALSE	FALSE	0.000511945	2.364767514	NA	Magnocellular
OT01_P2_D08	OT01_P2_D08	OT01_P2_D08_0	HGCWGBCX2_1_CGAGGCTG~GCGTAAGA	719646	1	1	D08	C	D08_C	S517	GCGTAAGA	N710	CGAGGCTG	"S517,N710"	"GCGTAAGA, CGAGGCTG"	DolenOT	NA	Plate 3 05/17/18	PVN	M4	P25	 05/17/18	22	8/11/18	NA	8/18/18	12	Magno	FG_positive	1.031618011	27484	3768	2	TRUE	FALSE	0.043777989	3.434341237	NA	Magnocellular
OT01_P2_D09	OT01_P2_D09	OT01_P2_D09_0	HGCWGBCX2_1_AAGAGGCA~GCGTAAGA	678535	1	1	D09	C	D09_C	S517	GCGTAAGA	N711	AAGAGGCA	"S517,N711"	"GCGTAAGA, AAGAGGCA"	DolenOT	NA	Plate 3 05/17/18	PVN	M4	P25	 05/17/18	22	8/11/18	NA	8/18/18	12	Magno	FG_positive	1.1181267	29776	4414	2	FALSE	FALSE	0.001296792	1.502872853	NA	Magnocellular
OT01_P2_D10	OT01_P2_D10	OT01_P2_D10_0	HGCWGBCX2_1_GTAGAGGA~GCGTAAGA	1656080	1	1	D10	C	D10_C	S517	GCGTAAGA	N712	GTAGAGGA	"S517,N712"	"GCGTAAGA, GTAGAGGA"	DolenOT	NA	Plate 3 05/17/18	PVN	M4	P25	 05/17/18	22	8/11/18	NA	8/18/18	12	Magno	FG_positive	1.2641054	33692	4579	2	FALSE	FALSE	0.000768838	2.22013105	NA	Magnocellular
OT01_P2_D11	OT01_P2_D11	OT01_P2_D11_0	HGCWGBCX2_1_GCTCATGA~GCGTAAGA	699774	1	1	D11	C	D11_C	S517	GCGTAAGA	N714	GCTCATGA	"S517,N714"	"GCGTAAGA, GCTCATGA"	DolenOT	NA	Plate 3 05/17/18	PVN	M4	P25	 05/17/18	22	8/11/18	NA	8/18/18	12	Magno	FG_positive	1.174956951	31336	4400	2	FALSE	FALSE	0.001139626	2.191749563	NA	Magnocellular
OT01_P2_D12	OT01_P2_D12	OT01_P2_D12_0	HGCWGBCX2_1_ATCTCAGG~GCGTAAGA	1019660	1	1	D12	C	D12_C	S517	GCGTAAGA	N715	ATCTCAGG	"S517,N715"	"GCGTAAGA, ATCTCAGG"	DolenOT	NA	Plate 3 05/17/18	PVN	M4	P25	 05/17/18	22	8/11/18	NA	8/18/18	12	Magno	FG_positive	1.119559713	29852	3794	2	FALSE	FALSE	0.000151501	2.496796409	NA	Magnocellular
OT01_P2_E01	OT01_P2_E01	OT01_P2_E01_0	HGCWGBCX2_1_TAAGGCGA~CTATTAAG	1920690	1	1	E01	C	E01_C	S518	CTATTAAG	N701	TAAGGCGA	"S518,N701"	"CTATTAAG, TAAGGCGA"	DolenOT	NA	Plate 3 05/17/18	PVN	M4	P25	 05/17/18	22	8/11/18	NA	8/18/18	12	Magno	FG_positive	1.291332634	34476	4358	2	FALSE	FALSE	0.001092105	0.957409874	NA	Magnocellular
OT01_P2_E02	OT01_P2_E02	OT01_P2_E02_0	HGCWGBCX2_1_CGTACTAG~CTATTAAG	1730710	1	1	E02	C	E02_C	S518	CTATTAAG	N702	CGTACTAG	"S518,N702"	"CTATTAAG, CGTACTAG"	DolenOT	NA	Plate 3 05/17/18	PVN	M4	P25	 05/17/18	22	8/11/18	NA	8/18/18	12	Magno	FG_positive	1.231410094	32868	4459	2	FALSE	FALSE	0.000203594	2.376673099	NA	Magnocellular
OT01_P2_E03	OT01_P2_E03	OT01_P2_E03_0	HGCWGBCX2_1_AGGCAGAA~CTATTAAG	856320	1	1	E03	C	E03_C	S518	CTATTAAG	N703	AGGCAGAA	"S518,N703"	"CTATTAAG, AGGCAGAA"	DolenOT	NA	Plate 3 05/17/18	PVN	M4	P25	 05/17/18	22	8/11/18	NA	8/18/18	12	Magno	FG_positive	1.142374777	30440	4305	2	FALSE	FALSE	0.000480496	2.233883643	NA	Magnocellular
OT01_P2_E04	OT01_P2_E04	OT01_P2_E04_0	HGCWGBCX2_1_TCCTGAGC~CTATTAAG	1014510	1	1	E04	C	E04_C	S518	CTATTAAG	N704	TCCTGAGC	"S518,N704"	"CTATTAAG, TCCTGAGC"	DolenOT	NA	Plate 3 05/17/18	PVN	M4	P25	 05/17/18	22	8/11/18	NA	8/18/18	12	Magno	FG_positive	1.082414526	28872	3765	2	FALSE	FALSE	0.000325051	2.25102884	NA	Magnocellular
OT01_P2_E05	OT01_P2_E05	OT01_P2_E05_0	HGCWGBCX2_1_GGACTCCT~CTATTAAG	1361060	1	1	E05	C	E05_C	S518	CTATTAAG	N705	GGACTCCT	"S518,N705"	"CTATTAAG, GGACTCCT"	DolenOT	NA	Plate 3 05/17/18	PVN	M4	P25	 05/17/18	22	8/11/18	NA	8/18/18	12	Magno	FG_positive	1.242233108	33156	4363	2	FALSE	FALSE	0.000810133	2.030019786	NA	Magnocellular
OT01_P2_E06	OT01_P2_E06	OT01_P2_E06_0	HGCWGBCX2_1_TAGGCATG~CTATTAAG	1036950	1	1	E06	C	E06_C	S518	CTATTAAG	N706	TAGGCATG	"S518,N706"	"CTATTAAG, TAGGCATG"	DolenOT	NA	Plate 3 05/17/18	PVN	M4	P25	 05/17/18	22	8/11/18	NA	8/18/18	12	Magno	FG_positive	1.089994406	29112	4249	2	FALSE	FALSE	0.001877373	2.188332235	NA	Magnocellular
OT01_P2_E07	OT01_P2_E07	OT01_P2_E07_0	HGCWGBCX2_1_CTCTCTAC~CTATTAAG	393286	1	1	E07	C	E07_C	S518	CTATTAAG	N707	CTCTCTAC	"S518,N707"	"CTATTAAG, CTCTCTAC"	DolenOT	NA	Plate 3 05/17/18	PVN	M4	P25	 05/17/18	22	8/11/18	NA	8/18/18	12	Magno	FG_positive	1.275494077	34028	4577	2	FALSE	FALSE	0.001239955	0.380437334	NA	Magnocellular
OT01_P2_E09	OT01_P2_E09	OT01_P2_E09_0	HGCWGBCX2_1_AAGAGGCA~CTATTAAG	1254690	1	1	E09	C	E09_C	S518	CTATTAAG	N711	AAGAGGCA	"S518,N711"	"CTATTAAG, AAGAGGCA"	DolenOT	NA	Plate 3 05/17/18	PVN	M4	P25	 05/17/18	22	8/11/18	NA	8/18/18	12	Magno	FG_positive	1.029732468	27492	3780	2	FALSE	FALSE	0.000703055	2.782523561	NA	Magnocellular
OT01_P2_E10	OT01_P2_E10	OT01_P2_E10_0	HGCWGBCX2_1_GTAGAGGA~CTATTAAG	1229280	1	1	E10	C	E10_C	S518	CTATTAAG	N712	GTAGAGGA	"S518,N712"	"CTATTAAG, GTAGAGGA"	DolenOT	NA	Plate 3 05/17/18	PVN	M4	P25	 05/17/18	22	8/11/18	NA	8/18/18	12	Magno	FG_positive	1.310716011	34988	4371	2	FALSE	FALSE	0.001149636	1.698482569	NA	Magnocellular
OT01_P2_E11	OT01_P2_E11	OT01_P2_E11_0	HGCWGBCX2_1_GCTCATGA~CTATTAAG	1845290	1	1	E11	C	E11_C	S518	CTATTAAG	N714	GCTCATGA	"S518,N714"	"CTATTAAG, GCTCATGA"	DolenOT	NA	Plate 3 05/17/18	PVN	M4	P25	 05/17/18	22	8/11/18	NA	8/18/18	12	Magno	FG_positive	0.927008113	24704	3754	2	FALSE	FALSE	0.000227785	1.620350485	NA	Magnocellular
OT01_P2_F04	OT01_P2_F04	OT01_P2_F04_0	HGCWGBCX2_1_TCCTGAGC~AAGGCTAT	870438	1	1	F04	C	F04_C	S520	AAGGCTAT	N704	TCCTGAGC	"S520,N704"	"AAGGCTAT, TCCTGAGC"	DolenOT	NA	Plate 3 05/17/18	PVN	M4	P25	 05/17/18	22	8/11/18	NA	8/18/18	12	Magno	FG_positive	1.035502228	27636	3632	2	FALSE	FALSE	0.000848047	1.894246692	NA	Magnocellular
OT01_P2_F05	OT01_P2_F05	OT01_P2_F05_0	HGCWGBCX2_1_GGACTCCT~AAGGCTAT	1519910	1	1	F05	C	F05_C	S520	AAGGCTAT	N705	GGACTCCT	"S520,N705"	"AAGGCTAT, GGACTCCT"	DolenOT	NA	Plate 3 05/17/18	PVN	M4	P25	 05/17/18	22	8/11/18	NA	8/18/18	12	Magno	FG_positive	1.294538056	34612	4340	2	FALSE	FALSE	0.000348503	2.078847523	NA	Magnocellular
OT01_P2_F06	OT01_P2_F06	OT01_P2_F06_0	HGCWGBCX2_1_TAGGCATG~AAGGCTAT	1350390	1	1	F06	C	F06_C	S520	AAGGCTAT	N706	TAGGCATG	"S520,N706"	"AAGGCTAT, TAGGCATG"	DolenOT	NA	Plate 3 05/17/18	PVN	M4	P25	 05/17/18	22	8/11/18	NA	8/18/18	12	Magno	FG_positive	1.348615415	36092	4493	2	FALSE	FALSE	0.001121262	2.978842215	NA	Magnocellular
OT01_P2_F07	OT01_P2_F07	OT01_P2_F07_0	HGCWGBCX2_1_CTCTCTAC~AAGGCTAT	1332910	1	1	F07	C	F07_C	S520	AAGGCTAT	N707	CTCTCTAC	"S520,N707"	"AAGGCTAT, CTCTCTAC"	DolenOT	NA	Plate 3 05/17/18	PVN	M4	P25	 05/17/18	22	8/11/18	NA	8/18/18	12	Magno	FG_positive	1.407104943	37676	4751	2	FALSE	FALSE	0.000781581	1.622031437	NA	Magnocellular
OT01_P2_F08	OT01_P2_F08	OT01_P2_F08_0	HGCWGBCX2_1_CGAGGCTG~AAGGCTAT	806816	1	1	F08	C	F08_C	S520	AAGGCTAT	N710	CGAGGCTG	"S520,N710"	"AAGGCTAT, CGAGGCTG"	DolenOT	NA	Plate 3 05/17/18	PVN	M4	P25	 05/17/18	22	8/11/18	NA	8/18/18	12	Magno	FG_positive	1.151123694	30740	4155	2	FALSE	FALSE	0.00116656	2.190260609	NA	Magnocellular
OT01_P2_F09	OT01_P2_F09	OT01_P2_F09_0	HGCWGBCX2_1_AAGAGGCA~AAGGCTAT	1317630	1	1	F09	C	F09_C	S520	AAGGCTAT	N711	AAGAGGCA	"S520,N711"	"AAGGCTAT, AAGAGGCA"	DolenOT	NA	Plate 3 05/17/18	PVN	M4	P25	 05/17/18	22	8/11/18	NA	8/18/18	12	Magno	FG_positive	1.336510232	35756	4307	2	FALSE	FALSE	0.000951575	1.504525373	NA	Magnocellular
OT01_P2_F10	OT01_P2_F10	OT01_P2_F10_0	HGCWGBCX2_1_GTAGAGGA~AAGGCTAT	1617800	1	1	F10	C	F10_C	S520	AAGGCTAT	N712	GTAGAGGA	"S520,N712"	"AAGGCTAT, GTAGAGGA"	DolenOT	NA	Plate 3 05/17/18	PVN	M4	P25	 05/17/18	22	8/11/18	NA	8/18/18	12	Magno	FG_positive	1.420341452	37944	4881	2	FALSE	FALSE	0.000910141	2.00816864	NA	Magnocellular
OT01_P2_F11	OT01_P2_F11	OT01_P2_F11_0	HGCWGBCX2_1_GCTCATGA~AAGGCTAT	1608380	1	1	F11	C	F11_C	S520	AAGGCTAT	N714	GCTCATGA	"S520,N714"	"AAGGCTAT, GCTCATGA"	DolenOT	NA	Plate 3 05/17/18	PVN	M4	P25	 05/17/18	22	8/11/18	NA	8/18/18	12	Magno	FG_positive	1.222887442	32660	4150	2	FALSE	FALSE	0.00096051	1.660623218	NA	Magnocellular
OT01_P3_A01	OT01_P3_A01	OT01_P3_A01_0	HGCWGBCX2_1_ACTCGCTA~TCGACTAG	1929650	1	1	A01	D	A01_D	S513	TCGACTAG	N716	ACTCGCTA	"S513,N716"	"TCGACTAG, ACTCGCTA"	DolenOT	NA	Plate 1 06/19/18	PVN	M1-5	P25	6/19/18	22	8/14/18	NA	8/20/18	12	Magno	FG_positive	0.800940742	21384	2843	2	FALSE	FALSE	0.000842198	2.070420529	NA	Magnocellular
OT01_P3_A02	OT01_P3_A02	OT01_P3_A02_0	HGCWGBCX2_1_GGAGCTAC~TCGACTAG	649896	1	1	A02	D	A02_D	S513	TCGACTAG	N718	GGAGCTAC	"S513,N718"	"TCGACTAG, GGAGCTAC"	DolenOT	NA	Plate 1 06/19/18	PVN	M1-5	P25	6/19/18	22	8/14/18	NA	8/20/18	12	Magno	FG_positive	0.567963111	15168	2022	2	FALSE	FALSE	0.001714216	0.269431233	NA	Magnocellular
OT01_P3_A03	OT01_P3_A03	OT01_P3_A03_0	HGCWGBCX2_1_GCGTAGTA~TCGACTAG	1943970	1	1	A03	D	A03_D	S513	TCGACTAG	N719	GCGTAGTA	"S513,N719"	"TCGACTAG ,GCGTAGTA"	DolenOT	NA	Plate 1 06/19/18	PVN	M1-5	P25	6/19/18	22	8/14/18	NA	8/20/18	12	Magno	FG_positive	0.977314387	26064	3577	2	FALSE	FALSE	0.002353154	0.897803501	NA	Magnocellular
OT01_P3_A06	OT01_P3_A06	OT01_P3_A06_0	HGCWGBCX2_1_ATGCGCAG~TCGACTAG	677101	1	1	A06	D	A06_D	S513	TCGACTAG	N722	ATGCGCAG	"S513,N722"	"TCGACTAG, ATGCGCAG"	DolenOT	NA	Plate 1 06/19/18	PVN	M1-5	P25	6/19/18	22	8/14/18	NA	8/20/18	12	Magno	FG_positive	0.894576782	23880	3070	2	FALSE	FALSE	0.001163158	1.973817128	NA	Magnocellular
OT01_P3_A07	OT01_P3_A07	OT01_P3_A07_0	HGCWGBCX2_1_TAGCGCTC~TCGACTAG	422894	1	1	A07	D	A07_D	S513	TCGACTAG	N723	TAGCGCTC	"S513,N723"	"TCGACTAG, TAGCGCTC"	DolenOT	NA	Plate 1 06/19/18	PVN	M1-5	P25	6/19/18	22	8/14/18	NA	8/20/18	12	Magno	FG_positive	0.804674116	21504	3120	2	FALSE	FALSE	0.000878208	2.329553555	NA	Magnocellular
OT01_P3_A08	OT01_P3_A08	OT01_P3_A08_0	HGCWGBCX2_1_ACTGAGCG~TCGACTAG	918178	1	1	A08	D	A08_D	S513	TCGACTAG	N724	ACTGAGCG	"S513,N724"	"TCGACTAG, ACTGAGCG"	DolenOT	NA	Plate 1 06/19/18	PVN	M1-5	P25	6/19/18	22	8/14/18	NA	8/20/18	12	Magno	FG_positive	0.915996545	24516	3347	2	FALSE	FALSE	0.00711285	2.422905648	NA	Magnocellular
OT01_P3_A09	OT01_P3_A09	OT01_P3_A09_0	HGCWGBCX2_1_CCTAAGAC~TCGACTAG	673290	1	1	A09	D	A09_D	S513	TCGACTAG	N726	CCTAAGAC	"S513,N726"	"TCGACTAG, CCTAAGAC"	DolenOT	NA	Plate 1 06/19/18	PVN	M1-5	P25	6/19/18	22	8/14/18	NA	8/20/18	12	Magno	FG_positive	0.927196667	24720	3473	2	FALSE	FALSE	0.00198916	0.105586594	NA	Magnocellular
OT01_P3_A11	OT01_P3_A11	OT01_P3_A11_0	HGCWGBCX2_1_TGCAGCTA~TCGACTAG	416661	1	1	A11	D	A11_D	S513	TCGACTAG	N728	TGCAGCTA	"S513,N728"	"TCGACTAG, TGCAGCTA"	DolenOT	NA	Plate 1 06/19/18	PVN	M1-5	P25	6/19/18	22	8/14/18	NA	8/20/18	12	Magno	FG_positive	0.582632631	15560	2218	2	FALSE	FALSE	0.000448908	1.747891345	NA	Magnocellular
OT01_P3_A12	OT01_P3_A12	OT01_P3_A12_0	HGCWGBCX2_1_TCGACGTC~TCGACTAG	1345300	1	1	A12	D	A12_D	S513	TCGACTAG	N729	TCGACGTC	"S513,N729"	"TCGACTAG, TCGACGTC"	DolenOT	NA	Plate 1 06/19/18	PVN	M1-5	P25	6/19/18	22	8/14/18	NA	8/20/18	12	Magno	FG_positive	0.747655311	19984	2519	2	FALSE	FALSE	0.00128773	2.356065748	NA	Magnocellular
OT01_P3_B07	OT01_P3_B07	OT01_P3_B07_0	HGCWGBCX2_1_TAGCGCTC~TTCTAGCT	747611	1	1	B07	D	B07_D	S515	TTCTAGCT	N723	TAGCGCTC	"S515,N723"	"TTCTAGCT, TAGCGCTC"	DolenOT	NA	Plate 1 06/19/18	PVN	M1-5	P25	6/19/18	22	8/14/18	NA	8/20/18	12	Parvo	FG_negative	0.967132457	25848	3546	2	FALSE	FALSE	0.001885234	0.184889145	NA	Magnocellular
OT01_P3_B08	OT01_P3_B08	OT01_P3_B08_0	HGCWGBCX2_1_ACTGAGCG~TTCTAGCT	1302190	1	1	B08	D	B08_D	S515	TTCTAGCT	N724	ACTGAGCG	"S515,N724"	"TTCTAGCT, ACTGAGCG"	DolenOT	NA	Plate 1 06/19/18	PVN	M1-5	P25	6/19/18	22	8/14/18	NA	8/20/18	12	Parvo	FG_negative	0.699800242	18700	2248	2	FALSE	FALSE	0.000645234	2.213249017	NA	Magnocellular
OT01_P3_B09	OT01_P3_B09	OT01_P3_B09_0	HGCWGBCX2_1_CCTAAGAC~TTCTAGCT	996461	1	1	B09	D	B09_D	S515	TTCTAGCT	N726	CCTAAGAC	"S515,N726"	"TTCTAGCT, CCTAAGAC"	DolenOT	NA	Plate 1 06/19/18	PVN	M1-5	P25	6/19/18	22	8/14/18	NA	8/20/18	12	Parvo	FG_negative	0.485300928	12940	2045	1	FALSE	FALSE	0.000542395	3.664315345	NA	Parvocellular
OT01_P3_B10	OT01_P3_B10	OT01_P3_B10_0	HGCWGBCX2_1_CGATCAGT~TTCTAGCT	590849	1	1	B10	D	B10_D	S515	TTCTAGCT	N727	CGATCAGT	"S515,N727"	"TTCTAGCT, CGATCAGT"	DolenOT	NA	Plate 1 06/19/18	PVN	M1-5	P25	6/19/18	22	8/14/18	NA	8/20/18	12	Parvo	FG_negative	0.862145451	23040	3588	2	FALSE	FALSE	0.001661751	0.60222595	NA	Magnocellular
OT01_P3_B11	OT01_P3_B11	OT01_P3_B11_0	HGCWGBCX2_1_TGCAGCTA~TTCTAGCT	468382	1	1	B11	D	B11_D	S515	TTCTAGCT	N728	TGCAGCTA	"S515,N728"	"TTCTAGCT,TGCAGCTA"	DolenOT	NA	Plate 1 06/19/18	PVN	M1-5	P25	6/19/18	22	8/14/18	NA	8/20/18	12	Parvo	FG_negative	0.658242886	17620	2550	2	FALSE	FALSE	0.001701796	0.503258153	NA	Magnocellular
OT01_P3_B12	OT01_P3_B12	OT01_P3_B12_0	HGCWGBCX2_1_TCGACGTC~TTCTAGCT	642361	1	1	B12	D	B12_D	S515	TTCTAGCT	N729	TCGACGTC	"S515,N729"	"TTCTAGCT,TCGACGTC"	DolenOT	NA	Plate 1 06/19/18	PVN	M1-5	P25	6/19/18	22	8/14/18	NA	8/20/18	12	Parvo	FG_negative	0.814856045	21720	3561	2	FALSE	FALSE	0.001104176	1.279070711	NA	Magnocellular
OT01_P3_C02	OT01_P3_C02	OT01_P3_C02_0	HGCWGBCX2_1_GGAGCTAC~CCTAGAGT	1459820	1	1	C02	D	C02_D	S516	CCTAGAGT	N718	GGAGCTAC	"S516,N718"	"CCTAGAGT, GGAGCTAC"	DolenOT	NA	Plate 1 06/19/18	PVN	M1-5	P25	6/19/18	22	8/14/18	NA	8/20/18	12	Magno	FG_positive	0.421041639	11240	1572	2	FALSE	FALSE	0.00072125	2.672832237	NA	Magnocellular
OT01_P3_C03	OT01_P3_C03	OT01_P3_C03_0	HGCWGBCX2_1_GCGTAGTA~CCTAGAGT	1049510	1	1	C03	D	C03_D	S516	CCTAGAGT	N719	GCGTAGTA	"S516,N719"	"CCTAGAGT,GCGTAGTA"	DolenOT	NA	Plate 1 06/19/18	PVN	M1-5	P25	6/19/18	22	8/14/18	NA	8/20/18	12	Magno	FG_positive	1.113903085	29692	4341	2	FALSE	FALSE	0.000609589	3.01349202	NA	Magnocellular
OT01_P3_C04	OT01_P3_C04	OT01_P3_C04_0	HGCWGBCX2_1_CGGAGCCT~CCTAGAGT	1845540	1	1	C04	D	C04_D	S516	CCTAGAGT	N720	CGGAGCCT	"S516,N720"	"CCTAGAGT,CGGAGCCT"	DolenOT	NA	Plate 1 06/19/18	PVN	M1-5	P25	6/19/18	22	8/14/18	NA	8/20/18	12	Magno	FG_positive	1.455940494	38844	5272	2	FALSE	FALSE	0.000690477	1.652007001	NA	Magnocellular
OT01_P3_C05	OT01_P3_C05	OT01_P3_C05_0	HGCWGBCX2_1_TACGCTGC~CCTAGAGT	1599420	1	1	C05	D	C05_D	S516	CCTAGAGT	N721	TACGCTGC	"S516,N721"	"CCTAGAGT,TACGCTGC"	DolenOT	NA	Plate 1 06/19/18	PVN	M1-5	P25	6/19/18	22	8/14/18	NA	8/20/18	12	Magno	FG_positive	1.298459985	34700	4492	2	FALSE	FALSE	0.002403523	2.199261295	NA	Magnocellular
OT01_P3_C06	OT01_P3_C06	OT01_P3_C06_0	HGCWGBCX2_1_ATGCGCAG~CCTAGAGT	1657730	1	1	C06	D	C06_D	S516	CCTAGAGT	N722	ATGCGCAG	"S516,N722"	"CCTAGAGT,ATGCGCAG"	DolenOT	NA	Plate 1 06/19/18	PVN	M1-5	P25	6/19/18	22	8/14/18	NA	8/20/18	12	Magno	FG_positive	1.230165636	32848	4111	2	FALSE	FALSE	0.000976083	1.751498882	NA	Magnocellular
OT01_P3_C10	OT01_P3_C10	OT01_P3_C10_0	HGCWGBCX2_1_CGATCAGT~CCTAGAGT	590163	1	1	C10	D	C10_D	S516	CCTAGAGT	N727	CGATCAGT	"S516,N727"	"CCTAGAGT,CGATCAGT"	DolenOT	NA	Plate 1 06/19/18	PVN	M1-5	P25	6/19/18	22	8/14/18	NA	8/20/18	12	Magno	FG_positive	1.064577294	28380	3786	2	FALSE	FALSE	0.000899783	1.20065631	NA	Magnocellular
OT01_P3_C11	OT01_P3_C11	OT01_P3_C11_0	HGCWGBCX2_1_TGCAGCTA~CCTAGAGT	1384160	1	1	C11	D	C11_D	S516	CCTAGAGT	N728	TGCAGCTA	"S516,N728"	"CCTAGAGT, TGCAGCTA"	DolenOT	NA	Plate 1 06/19/18	PVN	M1-5	P25	6/19/18	22	8/14/18	NA	8/20/18	12	Magno	FG_positive	1.056921991	28260	3681	2	FALSE	FALSE	0.000967567	1.543864562	NA	Magnocellular
OT01_P3_C12	OT01_P3_C12	OT01_P3_C12_0	HGCWGBCX2_1_TCGACGTC~CCTAGAGT	1308140	1	1	C12	D	C12_D	S516	CCTAGAGT	N729	TCGACGTC	"S516,N729"	"CCTAGAGT, TCGACGTC"	DolenOT	NA	Plate 1 06/19/18	PVN	M1-5	P25	6/19/18	22	8/14/18	NA	8/20/18	12	Magno	FG_positive	0.954951853	25480	3667	2	FALSE	FALSE	0.002050169	0.658810857	NA	Magnocellular
OT01_P3_D08	OT01_P3_D08	OT01_P3_D08_0	HGCWGBCX2_1_ACTGAGCG~GCGTAAGA	524306	1	1	D08	D	D08_D	S517	GCGTAAGA	N724	ACTGAGCG	"S517,N724"	"GCGTAAGA, ACTGAGCG"	DolenOT	NA	Plate 1 06/19/18	PVN	M1-5	P25	6/19/18	22	8/14/18	NA	8/20/18	12	Parvo	FG_negative	0.457357188	12252	830	2	FALSE	FALSE	0.000981401	1.802663549	NA	Magnocellular
OT01_P3_D09	OT01_P3_D09	OT01_P3_D09_0	HGCWGBCX2_1_CCTAAGAC~GCGTAAGA	952006	1	1	D09	D	D09_D	S517	GCGTAAGA	N726	CCTAAGAC	"S517,N726"	"GCGTAAGA, CCTAAGAC"	DolenOT	NA	Plate 1 06/19/18	PVN	M1-5	P25	6/19/18	22	8/14/18	NA	8/20/18	12	Parvo	FG_negative	0.928365704	24812	3409	2	FALSE	FALSE	0.001183904	1.069174058	NA	Magnocellular
OT01_P3_D10	OT01_P3_D10	OT01_P3_D10_0	HGCWGBCX2_1_CGATCAGT~GCGTAAGA	503992	1	1	D10	D	D10_D	S517	GCGTAAGA	N727	CGATCAGT	"S517,N727"	"GCGTAAGA, CGATCAGT"	DolenOT	NA	Plate 1 06/19/18	PVN	M1-5	P25	6/19/18	22	8/14/18	NA	8/20/18	12	Parvo	FG_negative	1.072006331	28688	3727	2	FALSE	FALSE	0.000734378	1.099029945	NA	Magnocellular
OT01_P3_D11	OT01_P3_D11	OT01_P3_D11_0	HGCWGBCX2_1_TGCAGCTA~GCGTAAGA	397466	1	1	D11	D	D11_D	S517	GCGTAAGA	N728	TGCAGCTA	"S517,N728"	"GCGTAAGA, TGCAGCTA"	DolenOT	NA	Plate 1 06/19/18	PVN	M1-5	P25	6/19/18	22	8/14/18	NA	8/20/18	12	Parvo	FG_negative	0.692069518	18620	1189	2	FALSE	FALSE	0.015500015	3.093883587	NA	Magnocellular
OT01_P3_D12	OT01_P3_D12	OT01_P3_D12_0	HGCWGBCX2_1_TCGACGTC~GCGTAAGA	551257	1	1	D12	D	D12_D	S517	GCGTAAGA	N729	TCGACGTC	"S517,N729"	"GCGTAAGA, TCGACGTC"	DolenOT	NA	Plate 1 06/19/18	PVN	M1-5	P25	6/19/18	22	8/14/18	NA	8/20/18	12	Parvo	FG_negative	0.988212822	26744	1499	2	FALSE	FALSE	0.00269097	1.288228322	NA	Magnocellular
OT01_P3_E01	OT01_P3_E01	OT01_P3_E01_0	HGCWGBCX2_1_ACTCGCTA~CTATTAAG	465819	1	1	E01	D	E01_D	S518	CTATTAAG	N716	ACTCGCTA	"S518,N716"	"CTATTAAG, ACTCGCTA"	DolenOT	NA	Plate 1 06/19/18	PVN	M1-5	P25	6/19/18	22	8/14/18	NA	8/20/18	12	Magno	FG_positive	0.901402446	24060	3406	2	FALSE	FALSE	0.001603019	0.43920155	NA	Magnocellular
OT01_P3_E02	OT01_P3_E02	OT01_P3_E02_0	HGCWGBCX2_1_GGAGCTAC~CTATTAAG	1637670	1	1	E02	D	E02_D	S518	CTATTAAG	N718	GGAGCTAC	"S518,N718"	"CTATTAAG, GGAGCTAC"	DolenOT	NA	Plate 1 06/19/18	PVN	M1-5	P25	6/19/18	22	8/14/18	NA	8/20/18	12	Magno	FG_positive	0.87805943	23420	3413	2	FALSE	FALSE	0.001122185	1.29882576	NA	Magnocellular
OT01_P3_E04	OT01_P3_E04	OT01_P3_E04_0	HGCWGBCX2_1_CGGAGCCT~CTATTAAG	3562630	1	1	E04	D	E04_D	S518	CTATTAAG	N720	CGGAGCCT	"S518,N720"	"CTATTAAG, CGGAGCCT"	DolenOT	NA	Plate 1 06/19/18	PVN	M1-5	P25	6/19/18	22	8/14/18	NA	8/20/18	12	Magno	FG_positive	1.067367896	28464	4292	2	FALSE	FALSE	0.001916255	0.15788316	NA	Magnocellular
OT01_P3_E06	OT01_P3_E06	OT01_P3_E06_0	HGCWGBCX2_1_ ATGCGCAG~CTATTAAG	1677510	1	1	E06	D	E06_D	S518	CTATTAAG	N722	 ATGCGCAG	"S518,N722"	"CTATTAAG, ATGCGCAG"	DolenOT	NA	Plate 1 06/19/18	PVN	M1-5	P25	6/19/18	22	8/14/18	NA	8/20/18	12	Magno	FG_positive	0.840310869	22432	3368	2	FALSE	FALSE	0.000576373	2.268331002	NA	Magnocellular
OT01_P3_E07	OT01_P3_E07	OT01_P3_E07_0	HGCWGBCX2_1_TAGCGCTC~CTATTAAG	1894850	1	1	E07	D	E07_D	S518	CTATTAAG	N723	TAGCGCTC	"S518,N723"	"CTATTAAG,TAGCGCTC"	DolenOT	NA	Plate 1 06/19/18	PVN	M1-5	P25	6/19/18	22	8/14/18	NA	8/20/18	12	Magno	FG_positive	1.024075841	27320	3920	2	FALSE	FALSE	0.000997533	2.248124056	NA	Magnocellular
OT01_P3_E08	OT01_P3_E08	OT01_P3_E08_0	HGCWGBCX2_1_ACTGAGCG~CTATTAAG	1673770	1	1	E08	D	E08_D	S518	CTATTAAG	N724	ACTGAGCG	"S518,N724"	"CTATTAAG, ACTGAGCG"	DolenOT	NA	Plate 1 06/19/18	PVN	M1-5	P25	6/19/18	22	8/14/18	NA	8/20/18	12	Magno	FG_positive	0.908642929	24260	3206	2	FALSE	FALSE	0.001328029	1.200341518	NA	Magnocellular
OT01_P3_E10	OT01_P3_E10	OT01_P3_E10_0	HGCWGBCX2_1_CGATCAGT~CTATTAAG	1071560	1	1	E10	D	E10_D	S518	CTATTAAG	N727	CGATCAGT	"S518,N727"	"CTATTAAG, CGATCAGT"	DolenOT	NA	Plate 1 06/19/18	PVN	M1-5	P25	6/19/18	22	8/14/18	NA	8/20/18	12	Magno	FG_positive	0.840122315	22436	2927	2	FALSE	FALSE	0.000808894	1.164443114	NA	Magnocellular
OT01_P3_E11	OT01_P3_E11	OT01_P3_E11_0	HGCWGBCX2_1_TGCAGCTA~CTATTAAG	903651	1	1	E11	D	E11_D	S518	CTATTAAG	N728	TGCAGCTA	"S518,N728"	"CTATTAAG, TGCAGCTA"	DolenOT	NA	Plate 1 06/19/18	PVN	M1-5	P25	6/19/18	22	8/14/18	NA	8/20/18	12	Magno	FG_positive	0.921313775	24588	3408	2	FALSE	FALSE	0.001239612	1.335653087	NA	Magnocellular
OT01_P3_F07	OT01_P3_F07	OT01_P3_F07_0	HGCWGBCX2_1_TAGCGCTC~AAGGCTAT	526164	1	1	F07	D	F07_D	S520	AAGGCTAT	N723	TAGCGCTC	"S520,N723"	"AAGGCTAT,TAGCGCTC"	DolenOT	NA	Plate 1 06/19/18	PVN	M1-5	P25	6/19/18	22	8/14/18	NA	8/20/18	12	Parvo	FG_negative	0.780388328	21160	1098	2	FALSE	FALSE	0.00106281	1.0101598	NA	Magnocellular
OT01_P3_F10	OT01_P3_F10	OT01_P3_F10_0	HGCWGBCX2_1_CGATCAGT~AAGGCTAT	867454	1	1	F10	D	F10_D	S520	AAGGCTAT	N727	CGATCAGT	"S520,N727"	"AAGGCTAT, CGATCAGT"	DolenOT	NA	Plate 1 06/19/18	PVN	M1-5	P25	6/19/18	22	8/14/18	NA	8/20/18	12	Parvo	FG_negative	0.938132814	25012	3377	2	FALSE	FALSE	0.001573402	0.535638229	NA	Magnocellular
OT01_P3_F12	OT01_P3_F12	OT01_P3_F12_0	HGCWGBCX2_1_TCGACGTC~AAGGCTAT	1180130	1	1	F12	D	F12_D	S520	AAGGCTAT	N729	TCGACGTC	"S520,N729"	"AAGGCTAT, TCGACGTC"	DolenOT	NA	Plate 1 06/19/18	PVN	M1-5	P25	6/19/18	22	8/14/18	NA	8/20/18	12	Parvo	FG_negative	0.825980746	22032	3416	2	FALSE	FALSE	0.001288993	0.39565462	NA	Magnocellular
OT01_P3_G01	OT01_P3_G01	OT01_P3_G01_0	HGCWGBCX2_1_ACTCGCTA~GAGCCTTA	1054160	1	1	G01	D	G01_D	S521	GAGCCTTA	N716	ACTCGCTA	"S521,N716"	"GAGCCTTA, ACTCGCTA"	DolenOT	NA	Plate 1 06/19/18	PVN	M1-5	P25	6/19/18	22	8/14/18	NA	8/20/18	12	Magno	FG_positive	1.177709843	31560	3889	2	FALSE	FALSE	0.000984641	0.74329984	NA	Magnocellular
OT01_P3_G04	OT01_P3_G04	OT01_P3_G04_0	HGCWGBCX2_1_CGGAGCCT~GAGCCTTA	519163	1	1	G04	D	G04_D	S521	GAGCCTTA	N720	CGGAGCCT	"S521,N720"	"GAGCCTTA, CGGAGCCT"	DolenOT	NA	Plate 1 06/19/18	PVN	M1-5	P25	6/19/18	22	8/14/18	NA	8/20/18	12	Magno	FG_positive	1.100515733	29388	4317	2	FALSE	FALSE	0.000497975	2.319059459	NA	Magnocellular
OT01_P3_G05	OT01_P3_G05	OT01_P3_G05_0	HGCWGBCX2_1_TACGCTGC~GAGCCTTA	569359	1	1	G05	D	G05_D	S521	GAGCCTTA	N721	TACGCTGC	"S521,N721"	"GAGCCTTA, TACGCTGC"	DolenOT	NA	Plate 1 06/19/18	PVN	M1-5	P25	6/19/18	22	8/14/18	NA	8/20/18	12	Magno	FG_positive	0.760288445	20316	3047	2	FALSE	FALSE	0.007012041	2.910741289	NA	Magnocellular
OT01_P3_G07	OT01_P3_G07	OT01_P3_G07_0	HGCWGBCX2_1_TAGCGCTC~GAGCCTTA	669653	1	1	G07	D	G07_D	S521	GAGCCTTA	N723	TAGCGCTC	"S521,N723"	"GAGCCTTA, TAGCGCTC"	DolenOT	NA	Plate 1 06/19/18	PVN	M1-5	P25	6/19/18	22	8/14/18	NA	8/20/18	12	Magno	FG_positive	0.57324263	15288	2385	2	FALSE	FALSE	0.000592187	0.844991631	NA	Magnocellular
OT01_P3_G08	OT01_P3_G08	OT01_P3_G08_0	HGCWGBCX2_1_ACTGAGCG~GAGCCTTA	542053	1	1	G08	D	G08_D	S521	GAGCCTTA	N724	ACTGAGCG	"S521,N724"	"GAGCCTTA, ACTGAGCG"	DolenOT	NA	Plate 1 06/19/18	PVN	M1-5	P25	6/19/18	22	8/14/18	NA	8/20/18	12	Magno	FG_positive	0.761344349	20316	2911	2	FALSE	FALSE	0.002091562	0.094045043	NA	Magnocellular
OT01_P3_H03	OT01_P3_H03	OT01_P3_H03_0	HGCWGBCX2_1_GCGTAGTA~TTATGCGA	1073930	1	1	H03	D	H03_D	S522	TTATGCGA	N719	GCGTAGTA	"S522,N719"	"TTATGCGA,GCGTAGTA"	DolenOT	NA	Plate 1 06/19/18	PVN	M1-5	P25	6/19/18	22	8/14/18	NA	8/20/18	12	Parvo	FG_negative	0.696896507	18584	2636	1	FALSE	FALSE	0.000755233	1.500178616	NA	Parvocellular
OT01_P3_H04	OT01_P3_H04	OT01_P3_H04_0	HGCWGBCX2_1_CGGAGCCT~TTATGCGA	1783200	1	1	H04	D	H04_D	S522	TTATGCGA	N720	CGGAGCCT	"S522,N720"	"TTATGCGA, CGGAGCCT"	DolenOT	NA	Plate 1 06/19/18	PVN	M1-5	P25	6/19/18	22	8/14/18	NA	8/20/18	12	Parvo	FG_negative	0.975805953	26016	4085	2	FALSE	FALSE	0.000949902	0.758552219	NA	Magnocellular
OT01_P3_H05	OT01_P3_H05	OT01_P3_H05_0	HGCWGBCX2_1_TACGCTGC~TTATGCGA	974826	1	1	H05	D	H05_D	S522	TTATGCGA	N721	TACGCTGC	"S522,N721"	"TTATGCGA, TACGCTGC"	DolenOT	NA	Plate 1 06/19/18	PVN	M1-5	P25	6/19/18	22	8/14/18	NA	8/20/18	12	Parvo	FG_negative	0.471498757	12640	1099	2	FALSE	FALSE	0.000652864	1.271711889	NA	Magnocellular
OT01_P3_H08	OT01_P3_H08	OT01_P3_H08_0	HGCWGBCX2_1_ACTGAGCG~TTATGCGA	865068	1	1	H08	D	H08_D	S522	TTATGCGA	N724	ACTGAGCG	"S522,N724"	"TTATGCGA, ACTGAGCG"	DolenOT	NA	Plate 1 06/19/18	PVN	M1-5	P25	6/19/18	22	8/14/18	NA	8/20/18	12	Parvo	FG_negative	0.845024725	22604	3458	2	FALSE	FALSE	0.001085267	1.023720526	NA	Magnocellular
OT01_P3_H09	OT01_P3_H09	OT01_P3_H09_0	HGCWGBCX2_1_CCTAAGAC~TTATGCGA	809345	1	1	H09	D	H09_D	S522	TTATGCGA	N726	CCTAAGAC	"S522,N726"	"TTATGCGA, CCTAAGAC"	DolenOT	NA	Plate 1 06/19/18	PVN	M1-5	P25	6/19/18	22	8/14/18	NA	8/20/18	12	Parvo	FG_negative	0.820286408	21920	3241	2	FALSE	FALSE	0.001181581	1.099303873	NA	Magnocellular
OT01_P3_H10	OT01_P3_H10	OT01_P3_H10_0	HGCWGBCX2_1_CGATCAGT~TTATGCGA	3219300	1	1	H10	D	H10_D	S522	TTATGCGA	N727	CGATCAGT	"S522,N727"	"TTATGCGA, CGATCAGT"	DolenOT	NA	Plate 1 06/19/18	PVN	M1-5	P25	6/19/18	22	8/14/18	NA	8/20/18	12	Parvo	FG_negative	0.83812364	22468	1920	2	FALSE	FALSE	0.001150611	1.293646215	NA	Magnocellular
OT01_P3_H12	OT01_P3_H12	OT01_P3_H12_0	HGCWGBCX2_1_TCGACGTC~TTATGCGA	697572	1	1	H12	D	H12_D	S522	TTATGCGA	N729	TCGACGTC	"S522,N729"	"TTATGCGA, TCGACGTC"	DolenOT	NA	Plate 1 06/19/18	PVN	M1-5	P25	6/19/18	22	8/14/18	NA	8/20/18	12	Parvo	FG_negative	0.823718095	21968	3272	2	FALSE	FALSE	0.001392112	0.563449301	NA	Magnocellular